rating,review_count,percentage
1,3701,0.05212088778729157
2,1832,0.0257999098693105
3,4367,0.061500112663361875
4,14592,0.20549797205948625
5,46516,0.6550811176205498
