target_label,review_count,percentage
good_review,61108,0.860579089680036
bad_review,9900,0.13942091031996395
